{
  "products": [
    {
      "price": 32,
      "productDetails": "kokok",
      "productName": "jnjnojrr",
      "id": "537a"
    },
    {
      "price": 312222,
      "productDetails": "xwxwx",
      "productName": "ddddddddd",
      "id": "f78c"
    },
    {
      "price": 777,
      "productDetails": "bijbekjrv",
      "productName": "jwkcjn",
      "id": "3874"
    },
    {
      "price": 6472676,
      "productDetails": "mmmm",
      "productName": "nnn",
      "id": "c1c5"
    },
    {
      "id": "258d",
      "price": 123,
      "productDetails": "jjojb",
      "productName": "jbihb"
    },
    {
      "id": "2fc4",
      "price": 99,
      "productDetails": "9uu",
      "productName": "joijoij"
    }
  ]
}